issn,eissn
0007-9235,1542-4863
1740-1526,1740-1534
1474-1776,1474-1784
1474-1776,1474-1784
1471-0072,1471-0080
2157-1724,2157-1716
0140-6736,1474-547X
2058-8437,2058-8437
2058-8437,2058-8437
1759-4774,1759-4782
0028-4793,1533-4406
N/A,2662-138X
N/A,2662-138X
1474-175X,1474-1768
1723-8617,2051-5545
0923-7534,1569-8041
2367-3613,1433-8351
1474-1733,1474-1741
2056-676X,2056-676X
1057-5987,1545-8601
2058-7546,2058-7546
2058-7546,2058-7546
N/A,2662-8449
0009-2665,1520-6890
0098-7484,1538-3598
2095-9907,2059-3635
2095-9907,2059-3635
1471-0056,1471-0064
N/A,2397-3358
1759-5045,1759-5053
1078-8956,1546-170X
1078-8956,1546-170X
1078-8956,1546-170X
1545-8636,1545-8636
0028-0836,1476-4687
N/A,1553-877X
N/A,1553-877X
0036-8075,1095-9203
1474-4422,1474-4465
0034-6861,1539-0756
2520-1158,2520-1158
1535-6108,1878-3686
1535-6108,1878-3686
1759-5002,1759-5010
0732-183X,1527-7755
0959-535X,1756-1833
0092-8674,1097-4172
0092-8674,1097-4172
1759-5029,1759-5037
2213-8587,2213-8595
1087-0156,1546-1696
2520-1131,2520-1131
N/A,1756-8722
N/A,1756-8722
0079-6425,1873-2208
1759-5061,1759-507X
N/A,2522-5820
N/A,2522-5820
0306-0012,1460-4744
0009-7322,1524-4539
0009-7322,1524-4539
N/A,2468-1253
1476-1122,1476-4660
1476-1122,1476-4660
1476-1122,1476-4660
1476-1122,1476-4660
N/A,2731-6092
N/A,2731-6092
8755-1209,1944-9208
0360-1285,1873-216X
0360-1285,1873-216X
0360-1285,1873-216X
0360-1285,1873-216X
2097-2431,2667-1417
2097-2431,2667-1417
2311-6706,2150-5551
2311-6706,2150-5551
2311-6706,2150-5551
2520-8489,2520-8136
1470-2045,1474-5488
0195-668X,1522-9645
2542-4351,2542-4351
2542-4351,2542-4351
2542-4351,2542-4351
1748-3387,1748-3395
1748-3387,1748-3395
1553-4006,1553-4014
N/A,1476-4598
N/A,1476-4598
2159-8274,2159-8290
0732-0582,1545-3278
2770-5986,2770-596X
1759-4758,1759-4766
0168-8278,1600-0641
1749-4885,1749-4893
1749-4885,1749-4893
2213-2600,N/A
2213-2600,N/A
1759-4790,1759-4804
0066-4146,1545-4282
1548-7091,1548-7105
2097-1710,2662-8643
2767-4401,2767-441X
2767-4401,2767-441X
2767-4401,2767-441X
2327-0608,2327-0616
2327-0608,2327-0616
1473-3099,1474-4457
1754-5692,1754-5706
1754-5692,1754-5706
1754-5692,1754-5706
1754-5692,1754-5706
1550-4131,1932-7420
1550-4131,1932-7420
1947-5454,1947-5462
0066-4189,1545-4479
0066-4189,1545-4479
0370-1573,1873-6270
0066-4308,1545-2085
0066-4308,1545-2085
1061-4036,1546-1718
0031-9333,1522-1210
N/A,2662-1347
0360-0300,1557-7341
1529-2908,1529-2916
2367-3648,1614-4961
2470-9476,2470-9476
1758-678X,1758-6798
1758-678X,1758-6798
1758-678X,1758-6798
2398-9629,2398-9629
2398-9629,2398-9629
2398-9629,2398-9629
0268-4012,1873-4707
1759-0876,1759-0884
1759-0876,1759-0884
0935-9648,1521-4095
0935-9648,1521-4095
0935-9648,1521-4095
0935-9648,1521-4095
0935-9648,1521-4095
0935-9648,1521-4095
1387-6473,1872-9630
0927-796X,1879-212X
0927-796X,1879-212X
2157-846X,2157-846X
1471-003X,1471-0048
0935-4956,1432-0754
1543-5008,1545-2123
1074-7613,1097-4180
0017-5749,1468-3288
0079-6700,1873-1619
1614-6832,1614-6840
1614-6832,1614-6840
1614-6832,1614-6840
1614-6832,1614-6840
1614-6832,1614-6840
0018-9219,1558-2256
0016-5085,1528-0012
1001-0602,1748-7838
2666-6758,2666-6758
1935-8237,1935-8245
0302-2838,1873-7560
2468-2667,2468-2667
N/A,2772-834X
N/A,2772-834X
N/A,2523-3548
2215-0374,N/A
1560-2745,1878-9129
N/A,2637-9368
N/A,2637-9368
N/A,2637-9368
N/A,2637-9368
N/A,2589-7500
N/A,2589-7500
1674-2052,1752-9867
1674-2052,1752-9867
N/A,2731-6084
N/A,2731-6084
N/A,2522-5839
N/A,2522-5839
1943-8206,N/A
2589-7780,2589-7780
2589-7780,2589-7780
2589-7780,2589-7780
2589-7780,2589-7780
0010-8545,1873-3840
2095-5545,2047-7538
2168-6106,2168-6114
0006-4971,1528-0020
2095-7467,2054-9369
2766-8509,2766-2098
2766-8509,2766-2098
2766-8509,2766-2098
2096-4579,2097-3993
0735-1097,1558-3597
N/A,2567-3165
0342-4642,1432-1238
0066-4219,1545-326X
1369-7021,1873-4103
0163-769X,1945-7189
N/A,2662-1355
N/A,2731-0574
2522-0128,2522-0136
2522-0128,2522-0136
1368-7646,1532-2084
N/A,2542-5196
N/A,2542-5196
2168-6149,2168-6157
2524-7921,2524-793X
2524-7921,2524-793X
2766-8479,2692-4552
2766-8479,2692-4552
2766-8479,2692-4552
2631-8644,2631-7990
2631-8644,2631-7990
0903-1936,1399-3003
2095-9273,2095-9281
0926-3373,1873-3883
0926-3373,1873-3883
0926-3373,1873-3883
1526-5161,1536-0075
1526-5161,1536-0075
1526-5161,1536-0075
1526-5161,1536-0075
N/A,2522-5812
1556-0864,1556-1380
1556-0864,1556-1380
1360-1385,1878-4372
0163-7525,1545-2093
1755-4330,1755-4349
0034-4885,1361-6633
0003-4967,1468-2060
0066-4154,1545-4509
1934-5909,1875-9777
1934-5909,1875-9777
N/A,2666-5247
N/A,2666-5247
1610-3653,1610-3661
1610-3653,1610-3661
1610-3653,1610-3661
N/A,2452-199X
N/A,2452-199X
2405-8297,2405-8289
2405-8297,2405-8289
2405-8297,2405-8289
2374-2437,2374-2445
1097-6256,1546-1726
N/A,2731-0582
0165-6147,1873-3735
0033-2909,1939-1455
0033-2909,1939-1455
1672-7681,2042-0226
2451-9294,2451-9294
N/A,2662-8465
N/A,2662-8465
N/A,2662-8465
1465-7392,1476-4679
2058-5276,2058-5276
1073-449X,1535-4970
1073-449X,1535-4970
0893-8512,1098-6618
0001-8686,1873-3727
2329-9266,2329-9274
N/A,2662-1991
0066-4278,1545-1585
1616-301X,1616-3028
1616-301X,1616-3028
1616-301X,1616-3028
1616-301X,1616-3028
1616-301X,1616-3028
1616-301X,1616-3028
1941-1405,1941-0611
1941-1405,1941-0611
1941-1405,1941-0611
2380-8195,2380-8195
2380-8195,2380-8195
2380-8195,2380-8195
2380-8195,2380-8195
2380-8195,2380-8195
N/A,2577-5421
0890-6955,1879-2170
0890-6955,1879-2170
1931-3128,1934-6069
1931-3128,1934-6069
1931-3128,1934-6069
0162-8828,1939-3539
0162-8828,1939-3539
1745-2473,1745-2481
2096-0433,2096-0662
N/A,2662-8457
N/A,2662-8457
N/A,2662-8457
0033-3190,1423-0348
0033-3190,1423-0348
N/A,2692-7632
N/A,2692-7632
0962-8924,1879-3088
2168-6203,2168-6211
2214-109X,2214-109X
2096-6482,2589-9651
2096-6482,2589-9651
0146-6410,1873-2224
0146-6410,1873-2224
2352-3026,N/A
0253-9837,1872-2067
0253-9837,1872-2067
0253-9837,1872-2067
0001-4842,1520-4898
1529-1006,1539-6053
0169-409X,1872-8294
N/A,2772-9850
N/A,1750-1326
2590-2393,2590-2385
2405-8033,2405-8025
0149-2195,1545-861X
0031-6997,1521-0081
0169-5347,1872-8383
0169-5347,1872-8383
0169-5347,1872-8383
0733-8716,1558-0008
0733-8716,1558-0008
1364-6613,1879-307X
1364-6613,1879-307X
1364-6613,1879-307X
0166-0616,1872-9797
2168-622X,2168-6238
2095-5138,2053-714X
2211-2855,2211-3282
2211-2855,2211-3282
2211-2855,2211-3282
2211-2855,2211-3282
N/A,1521-3773
2590-1168,2590-1168
2590-1168,2590-1168
2590-1168,2590-1168
2287-2728,2287-285X
0270-9139,1527-3350
2365-9440,2365-9440
0066-4170,1545-4487
0149-5992,1935-5548
2226-4108,2227-8508
1097-2765,1097-4164
1097-2765,1097-4164
0008-5472,1538-7445
1548-5943,1548-5951
1548-5943,1548-5951
1941-6520,1941-6067
1941-6520,1941-6067
2665-9913,2665-9913
2470-9468,2470-9468
2473-2397,2168-6831
2473-2397,2168-6831
2473-2397,2168-6831
1540-1405,1540-1413
2097-2512,2773-1537
0306-3674,1473-0480
1364-0321,1879-0690
1364-0321,1879-0690
0168-9525,1362-4555
0009-7330,1524-4571
0009-7330,1524-4571
0009-7330,1524-4571
0376-0421,1873-1724
1355-4786,1460-2369
1355-4786,1460-2369
1752-0894,1752-0908
1936-0851,1936-086X
1936-0851,1936-086X
1936-0851,1936-086X
1936-0851,1936-086X
0003-6900,2379-0407
1754-2189,1750-2799
1543-5938,1545-2050
1543-5938,1545-2050
2397-3374,2397-3374
2397-3374,2397-3374
2397-3374,2397-3374
2097-1133,2692-7640
0906-6713,1600-0757
2160-3308,2160-3308
1044-579X,1096-3650
N/A,2041-1723
0002-7863,1520-5126
2352-4642,2352-4642
2530-7614,2444-569X
2530-7614,2444-569X
1566-2535,1872-6305
1566-2535,1872-6305
N/A,2397-4621
N/A,2397-4621
2751-7438,2751-7446
2751-7438,2751-7446
0950-6608,1743-2804
1935-7516,1935-7516
0003-4819,1539-3704
0924-2244,1879-3053
1350-9047,1476-5403
1350-9047,1476-5403
0896-6273,1097-4199
2590-3330,2590-3322
2590-3330,2590-3322
2590-3330,2590-3322
0033-8419,N/A
1936-878X,1876-7591
1936-878X,1876-7591
2047-9158,2047-9158
2077-7000,2077-7019
2398-6352,2398-6352
2398-6352,2398-6352
0166-2236,1878-108X
2095-4700,2095-6231
2168-6254,2168-6262
2095-4956,2095-4956
2095-4956,2095-4956
2095-4956,2095-4956
2095-4956,2095-4956
0163-7827,1873-2194
0163-7827,1873-2194
0167-7799,1879-3096
0966-842X,1878-4380
0966-842X,1878-4380
2689-5269,2689-5277
2689-5269,2689-5277
2689-5269,2689-5277
2689-5269,2689-5277
N/A,2666-6510
N/A,2666-6510
1350-9462,1873-1635
0002-953X,1535-7228
1046-3976,1559-0097
1046-3976,1559-0097
1946-6234,1946-6242
1946-6234,1946-6242
N/A,2643-6728
N/A,2643-6728
2211-3835,2211-3843
2666-7568,2666-7568
1759-4812,1759-4820
2096-2797,2468-0257
2096-2797,2468-0257
2096-2797,2468-0257
2096-2797,2468-0257
N/A,2572-9241
2397-334X,2397-334X
2397-334X,2397-334X
2772-4247,2772-4247
2772-4247,2772-4247
N/A,2001-3078
0012-6667,1179-1950
0012-6667,1179-1950
2326-3601,2326-3598
2379-8858,2379-8904
2379-8858,2379-8904
2379-8858,2379-8904
2397-3366,2397-3366
1005-0302,1941-1162
1005-0302,1941-1162
1571-0645,1873-1457
1571-0645,1873-1457
2666-4984,2666-4984
2666-4984,2666-4984
1554-8627,1554-8635
0140-9883,1873-6181
1359-8368,1879-1069
1359-8368,1879-1069
0278-6125,1878-6642
0278-6125,1878-6642
0278-6125,1878-6642
2380-6583,2380-6591
N/A,2575-0356
N/A,2198-3844
N/A,2198-3844
N/A,2198-3844
1541-4337,1541-4337
N/A,2573-5144
N/A,2573-5144
0363-7425,1930-3807
0363-7425,1930-3807
0269-2821,1573-7462
1471-4906,1471-4981
2213-9567,2213-9567
2666-7924,2666-7924
1471-4914,1471-499X
1471-4914,1471-499X
1471-4914,1471-499X
N/A,2666-9358
N/A,2666-9358
N/A,2666-9358
0001-8732,1460-6976
2095-2686,2212-6066
0140-525X,1469-1825
0140-525X,1469-1825
0140-525X,1469-1825
1552-4450,1552-4469
1932-4553,1941-0484
1936-122X,1936-1238
1057-7149,1941-0042
1057-7149,1941-0042
N/A,2692-4560
N/A,2692-4560
N/A,2692-4560
1000-6818,N/A
2055-026X,2055-0278
0021-9738,1558-8238
2832-6237,2832-6245
N/A,2589-5974
2524-7972,2524-7867
2524-7972,2524-7867
N/A,2162-3619
N/A,2162-3619
2515-2459,2515-2467
2515-2459,2515-2467
1522-8517,1523-5866
1522-8517,1523-5866
1748-5908,1748-5908
1748-5908,1748-5908
2666-0873,2666-0873
2666-0873,2666-0873
2214-1588,2214-1588
2214-1588,2214-1588
0887-6924,1476-5551
0887-6924,1476-5551
0199-9885,1545-4312
1359-0286,1879-0348
1359-0286,1879-0348
1359-0286,1879-0348
1838-7640,1838-7640
0964-4733,1099-0836
0964-4733,1099-0836
0964-4733,1099-0836
0008-6363,1755-3245
0040-1625,1873-5509
0040-1625,1873-5509
2638-6100,2638-6100
2638-6100,2638-6100
0147-006X,1545-4126
1385-8947,1873-3212
1385-8947,1873-3212
1064-3389,1547-6537
0305-1048,1362-4962
0969-6989,1873-1384
0008-8846,1873-3948
0008-8846,1873-3948
0362-1642,1545-4304
0362-1642,1545-4304
0958-9465,1873-393X
0958-9465,1873-393X
2155-5435,2155-5435
1389-5567,1873-2739
2097-2415,2369-9698
2666-7762,2666-7762
2666-7762,2666-7762
2090-1232,2090-1224
2352-3018,2352-3018
2352-3018,2352-3018
1053-4822,1873-7889
0084-6597,1545-4495
0084-6597,1545-4495
1554-0669,1554-0677
0142-9612,1878-5905
0142-9612,1878-5905
1226-3613,2092-6413
1226-3613,2092-6413
0013-726X,1438-8812
0013-726X,1438-8812
0749-6419,1879-2154
0749-6419,1879-2154
0749-6419,1879-2154
N/A,1756-9966
2766-8525,2688-819X
2766-8525,2688-819X
1674-800X,1674-8018
1947-5438,1947-5446
1947-5438,1947-5446
0033-5533,1531-4650
2049-2618,2049-2618
1574-0137,1876-7745
1574-0137,1876-7745
1574-0137,1876-7745
2369-3762,2369-3762
0085-2538,1523-1755
2213-6657,2213-6665
2213-6657,2213-6665
N/A,1477-3155
N/A,1477-3155
1043-2760,1879-3061
N/A,2567-3173
N/A,2567-3173
N/A,2567-3173
0160-791X,1879-3274
0160-791X,1879-3274
N/A,2375-2548
0144-8617,1879-1344
0144-8617,1879-1344
0144-8617,1879-1344
0163-7258,1879-016X
N/A,2056-5968
0734-9750,1873-1899
2788-8614,2731-3948
2788-8614,2731-3948
0079-6727,1873-1627
0079-6727,1873-1627
0079-6727,1873-1627
0079-6727,1873-1627
0261-5177,1879-3193
0261-5177,1879-3193
0261-5177,1879-3193
0268-005X,1873-7137
0268-005X,1873-7137
2097-2113,2589-7217
2097-2113,2589-7217
0043-1354,1879-2448
0043-1354,1879-2448
0043-1354,1879-2448
1568-1637,1872-9649
1568-1637,1872-9649
1941-1413,1941-1421
0168-6445,1574-6976
1674-2818,2049-3169
1542-3565,1542-7714
0001-0782,1557-7317
0001-0782,1557-7317
0001-0782,1557-7317
0924-2716,1872-8235
0924-2716,1872-8235
0924-2716,1872-8235
0924-2716,1872-8235
0820-3946,1488-2329
0272-7358,1873-7811
N/A,2196-7091
1354-1013,1365-2486
1354-1013,1365-2486
1354-1013,1365-2486
1613-6810,1613-6829
1613-6810,1613-6829
1613-6810,1613-6829
1613-6810,1613-6829
1613-6810,1613-6829
1613-6810,1613-6829
1021-7770,1423-0127
1021-7770,1423-0127
1134-3060,1886-1784
1134-3060,1886-1784
1134-3060,1886-1784
0304-405X,N/A
0304-405X,N/A
1089-778X,1941-0026
1089-778X,1941-0026
1525-0016,1525-0024
1525-0016,1525-0024
1525-0016,1525-0024
1937-3333,1941-1189
0105-4538,1398-9995
0105-4538,1398-9995
2210-6707,2210-6715
2210-6707,2210-6715
2210-6707,2210-6715
2542-5048,2542-5048
2542-5048,2542-5048
2542-5048,2542-5048
2769-3333,2769-3325
2769-3333,2769-3325
0165-9936,1879-3142
1063-6706,1941-0034
1063-6706,1941-0034
0026-0495,1532-8600
2213-2317,2213-2317
1818-0876,1818-0876
0163-4453,1532-2742
2367-2617,2367-0983
2367-2617,2367-0983
N/A,2057-3960
N/A,2057-3960
2292-8782,2292-8782
2755-2608,2755-2500
2755-2608,2755-2500
0066-4286,1545-2107
1558-3724,1558-3716
0190-9622,1097-6787
2666-6340,2666-6340
2213-1779,2213-1787
0354-2025,2335-0164
1361-8415,1361-8423
1361-8415,1361-8423
1361-8415,1361-8423
1361-8415,1361-8423
2468-0133,2468-0133
2468-0133,2468-0133
0963-8687,1873-1198
0963-8687,1873-1198
0963-8687,1873-1198
1359-6101,1879-0305
1359-6101,1879-0305
0006-8950,1460-2156
0006-8950,1460-2156
1464-7931,1469-185X
2041-8205,2041-8213
1942-4787,1942-4795
1942-4787,1942-4795
0066-426X,1545-1593
0002-8282,1944-7981
1866-3508,1866-3516
1866-3508,1866-3516
1536-1284,1558-0687
1536-1284,1558-0687
1536-1284,1558-0687
1536-1284,1558-0687
2095-8099,2096-0026
2044-5385,2044-5385
2044-5385,2044-5385
1040-4651,1532-298X
1040-4651,1532-298X
1040-4651,1532-298X
2590-3462,2590-3462
2590-3462,2590-3462
2040-7122,2040-7130
2467-964X,2452-414X
2467-964X,2452-414X
0008-6223,1873-3891
0008-6223,1873-3891
0198-6325,1098-1128
0198-6325,1098-1128
1931-9401,1931-9401
2667-1093,2667-1093
2751-1871,2751-1871
2751-1871,2751-1871
2643-3230,2643-3249
2643-3230,2643-3249
0168-3659,1873-4995
0168-3659,1873-4995
0926-5805,1872-7891
0926-5805,1872-7891
N/A,2050-7771
N/A,2050-7771
1936-8798,1876-7605
0046-1520,1532-6985
0046-1520,1532-6985
1941-1383,1941-1391
0034-4257,1879-0704
0034-4257,1879-0704
0034-4257,1879-0704
0736-5845,1879-2537
0736-5845,1879-2537
0736-5845,1879-2537
1362-0347,1468-960X
2059-7037,2059-7037
2059-7037,2059-7037
2059-7037,2059-7037
1081-0706,1530-8995
1081-0706,1530-8995
1543-592X,1545-2069
1543-592X,1545-2069
0962-4929,1474-0508
2689-0186,2689-0186
2689-0186,2689-0186
2689-0186,2689-0186
0304-3894,1873-3336
0304-3894,1873-3336
1080-0549,1559-0267
1080-0549,1559-0267
0013-936X,1520-5851
0013-936X,1520-5851
1753-5123,1753-5131
N/A,2688-4062
N/A,2688-4062
N/A,2688-4062
1756-994X,1756-994X
0091-6749,1097-6825
0091-6749,1097-6825
0195-9255,1873-6432
1556-603X,1556-6048
2661-8028,2661-8036
2661-8028,2661-8036
N/A,2770-5900
N/A,2770-5900
1552-5260,1552-5279
N/A,2399-3529
N/A,2399-3529
1051-8215,1558-2205
2214-8604,2214-7810
2214-8604,2214-7810
2168-6068,2168-6084
N/A,2691-3399
N/A,2691-3399
N/A,2691-3399
1936-8623,1936-8631
1936-8623,1936-8631
1936-8623,1936-8631
1949-0976,1949-0984
1949-0976,1949-0984
2162-4968,2162-4968
2162-4968,2162-4968
0951-8320,1879-0836
0951-8320,1879-0836
1001-0521,1867-7185
1001-0521,1867-7185
0306-2619,1872-9118
0306-2619,1872-9118
0968-0004,1362-4326
2196-5404,2196-5404
2196-5404,2196-5404
2196-5404,2196-5404
2326-5191,2326-5205
0166-4972,1879-2383
0166-4972,1879-2383
0166-4972,1879-2383
0196-8904,1879-2227
0196-8904,1879-2227
0196-8904,1879-2227
2096-5168,2639-5274
0098-3063,1558-4127
0098-3063,1558-4127
1748-0132,1878-044X
1748-0132,1878-044X
1748-0132,1878-044X
0921-3449,1879-0658
0921-3449,1879-0658
1388-9842,1879-0844
2083-1277,2353-1827
N/A,2731-0590
2352-3964,2352-3964
1460-8545,1468-2370
1460-8545,1468-2370
N/A,2752-5724
2374-6149,2374-6149
N/A,2058-8615
N/A,2058-8615
0889-3365,1537-2642
1536-1276,1558-2248
1536-1276,1558-2248
N/A,2688-2663
2051-6347,2051-6355
2051-6347,2051-6355
1367-5788,1872-9088
0022-0515,2328-8175
0007-0963,1365-2133
1747-938X,1878-0385
0022-1007,1540-9538
0022-1007,1540-9538
N/A,1475-2840
N/A,1475-2840
2666-3791,2666-3791
2666-3791,2666-3791
N/A,2051-1426
N/A,2051-1426
2689-9620,2831-4093
2214-2894,2214-2894
0265-0568,1460-4752
0265-0568,1460-4752
0265-0568,1460-4752
1569-1705,1572-9826
1569-1705,1572-9826
0360-1315,1873-782X
0360-1315,1873-782X
0001-4273,1948-0989
0001-4273,1948-0989
1043-6618,1096-1186
1552-3098,1941-0468
0956-5663,1873-4235
0956-5663,1873-4235
0956-5663,1873-4235
0956-5663,1873-4235
0956-5663,1873-4235
1467-7644,1467-7652
1467-7644,1467-7652
2168-2267,2168-2275
2168-2267,2168-2275
2168-2267,2168-2275
2214-4048,2214-4056
0305-7372,1532-1967
2772-6568,2772-6568
2772-6568,2772-6568
2772-6568,2772-6568
0079-6786,1873-1643
1088-8683,1532-7957
1041-4347,1558-2191
1041-4347,1558-2191
1041-4347,1558-2191
0905-9180,1600-0617
2374-7943,2374-7951
0022-2429,1547-7185
0272-6963,1873-1317
0272-6963,1873-1317
2515-446X,2515-4478
2363-7005,1867-0202
1531-7331,1545-4118
1743-9191,1743-9159
2095-2546,2213-2961
2095-2546,2213-2961
0141-0768,1758-1095
1053-5888,1558-0792
0038-0717,1879-3428
0361-8609,1096-8652
2198-6061,2198-6061
0254-5861,0254-5861
0254-5861,0254-5861
1757-7780,1757-7799
1757-7780,1757-7799
0098-2997,1872-9452
0098-2997,1872-9452
1548-9213,1548-9221
1674-7755,2589-0417
1078-0432,1557-3265
0012-186X,1432-0428
2590-0064,2590-0064
2590-0064,2590-0064
0022-4359,1873-3271
1425-8153,1689-1392
1425-8153,1689-1392
N/A,2773-045X
1545-9993,1545-9985
1545-9993,1545-9985
1545-9993,1545-9985
0304-3835,1872-7980
1359-4184,1476-5578
1359-4184,1476-5578
1359-4184,1476-5578
N/A,1742-2094
N/A,1742-2094
2662-9291,2662-1363
2662-9291,2662-1363
2662-9291,2662-1363
2157-1422,2157-1422
0092-0703,1552-7824
N/A,2662-8651
N/A,2662-8651
N/A,2662-8651
0161-4940,1520-5703
N/A,2754-0413
0740-624X,1872-9517
1751-7362,1751-7370
1751-7362,1751-7370
N/A,2589-5370
0012-8252,1872-6828
1449-2288,1449-2288
0925-5273,1873-7579
0925-5273,1873-7579
0925-5273,1873-7579
1863-8880,1863-8899
1863-8880,1863-8899
1863-8880,1863-8899
1949-3029,1949-3037
1949-3029,1949-3037
1949-3029,1949-3037
0959-6526,1879-1786
0959-6526,1879-1786
0959-6526,1879-1786
2207-9963,2208-598X
2207-9963,2208-598X
